86,de:c4:4d:49:07:15,2025-09-17T23:32:32.886007
70,de:c4:4d:49:07:15,2025-09-17T23:32:33.887228
75,de:c4:4d:49:07:15,2025-09-17T23:32:34.888150
57,de:c4:4d:49:07:15,2025-09-17T23:32:35.889688
48,de:c4:4d:49:07:15,2025-09-17T23:32:36.891237
61,de:c4:4d:49:07:15,2025-09-17T23:32:37.892789
56,de:c4:4d:49:07:15,2025-09-17T23:32:38.894285
31,de:c4:4d:49:07:15,2025-09-17T23:32:39.895753
42,de:c4:4d:49:07:15,2025-09-17T23:32:40.896946
86,de:c4:4d:49:07:15,2025-09-17T23:32:41.898371
49,de:c4:4d:49:07:15,2025-09-17T23:32:42.898922
85,de:c4:4d:49:07:15,2025-09-17T23:32:43.900459
30,de:c4:4d:49:07:15,2025-09-17T23:32:44.901471
75,de:c4:4d:49:07:15,2025-09-17T23:32:45.903011
39,de:c4:4d:49:07:15,2025-09-17T23:32:46.904553
53,de:c4:4d:49:07:15,2025-09-17T23:32:47.905891
89,de:c4:4d:49:07:15,2025-09-17T23:32:48.907358
49,de:c4:4d:49:07:15,2025-09-17T23:32:49.908720
63,de:c4:4d:49:07:15,2025-09-17T23:32:50.910247
66,de:c4:4d:49:07:15,2025-09-17T23:32:51.911723
58,de:c4:4d:49:07:15,2025-09-17T23:32:52.912495
50,de:c4:4d:49:07:15,2025-09-17T23:32:53.914000
77,de:c4:4d:49:07:15,2025-09-17T23:32:54.915522
79,de:c4:4d:49:07:15,2025-09-17T23:32:55.916871
90,de:c4:4d:49:07:15,2025-09-17T23:32:56.918380
73,de:c4:4d:49:07:15,2025-09-17T23:32:57.919920
66,de:c4:4d:49:07:15,2025-09-17T23:32:58.921464
76,de:c4:4d:49:07:15,2025-09-17T23:32:59.922595
56,de:c4:4d:49:07:15,2025-09-17T23:33:00.924075
57,de:c4:4d:49:07:15,2025-09-17T23:33:01.925468
59,de:c4:4d:49:07:15,2025-09-17T23:33:02.926506
65,de:c4:4d:49:07:15,2025-09-17T23:33:03.927940
90,de:c4:4d:49:07:15,2025-09-17T23:33:04.929493
45,de:c4:4d:49:07:15,2025-09-17T23:33:05.931039
61,de:c4:4d:49:07:15,2025-09-17T23:33:06.931882
50,de:c4:4d:49:07:15,2025-09-17T23:33:07.933403
62,de:c4:4d:49:07:15,2025-09-17T23:33:08.935012
62,de:c4:4d:49:07:15,2025-09-17T23:33:09.935868
35,de:c4:4d:49:07:15,2025-09-17T23:33:10.937409
56,de:c4:4d:49:07:15,2025-09-17T23:33:11.938259
72,de:c4:4d:49:07:15,2025-09-17T23:33:12.939720
66,de:c4:4d:49:07:15,2025-09-17T23:33:13.941237
56,de:c4:4d:49:07:15,2025-09-17T23:33:14.941751
76,de:c4:4d:49:07:15,2025-09-17T23:33:15.943144
36,de:c4:4d:49:07:15,2025-09-17T23:33:16.944355
71,de:c4:4d:49:07:15,2025-09-17T23:33:17.945655
66,de:c4:4d:49:07:15,2025-09-17T23:33:18.947012
76,de:c4:4d:49:07:15,2025-09-17T23:33:19.948235
89,de:c4:4d:49:07:15,2025-09-17T23:33:20.949646
78,de:c4:4d:49:07:15,2025-09-17T23:33:21.950871
45,de:c4:4d:49:07:15,2025-09-17T23:33:22.952201
74,de:c4:4d:49:07:15,2025-09-17T23:33:23.952946
59,de:c4:4d:49:07:15,2025-09-17T23:33:24.954395
64,de:c4:4d:49:07:15,2025-09-17T23:33:25.955913
61,de:c4:4d:49:07:15,2025-09-17T23:33:26.957360
81,de:c4:4d:49:07:15,2025-09-17T23:33:27.958789
58,de:c4:4d:49:07:15,2025-09-17T23:33:28.960030
77,de:c4:4d:49:07:15,2025-09-17T23:33:29.961273
73,de:c4:4d:49:07:15,2025-09-17T23:33:30.962507
86,de:c4:4d:49:07:15,2025-09-17T23:33:31.963903
45,de:c4:4d:49:07:15,2025-09-17T23:33:32.965260
72,de:c4:4d:49:07:15,2025-09-17T23:33:33.966047
46,de:c4:4d:49:07:15,2025-09-17T23:33:34.967543
36,de:c4:4d:49:07:15,2025-09-17T23:33:35.968407
43,de:c4:4d:49:07:15,2025-09-17T23:33:36.969837
45,de:c4:4d:49:07:15,2025-09-17T23:33:37.971326
63,de:c4:4d:49:07:15,2025-09-17T23:33:38.972509
43,de:c4:4d:49:07:15,2025-09-17T23:33:39.973936
48,de:c4:4d:49:07:15,2025-09-17T23:33:40.975140
30,de:c4:4d:49:07:15,2025-09-17T23:33:41.976439
84,de:c4:4d:49:07:15,2025-09-17T23:33:42.977354
63,de:c4:4d:49:07:15,2025-09-17T23:33:43.978248
32,de:c4:4d:49:07:15,2025-09-17T23:33:44.979255
66,de:c4:4d:49:07:15,2025-09-17T23:33:45.980523
61,de:c4:4d:49:07:15,2025-09-17T23:33:46.981184
44,de:c4:4d:49:07:15,2025-09-17T23:33:47.982609
50,de:c4:4d:49:07:15,2025-09-17T23:33:48.983225
70,de:c4:4d:49:07:15,2025-09-17T23:33:49.984639
84,de:c4:4d:49:07:15,2025-09-17T23:33:50.986182
68,de:c4:4d:49:07:15,2025-09-17T23:33:51.987733
77,de:c4:4d:49:07:15,2025-09-17T23:33:52.989414
47,de:c4:4d:49:07:15,2025-09-17T23:33:53.990961
63,de:c4:4d:49:07:15,2025-09-17T23:33:54.992156
